experience,education,job_role,location,salary
0,Intermediate,Data Analyst,Hyderabad,3.0
1,BTech,Data Analyst,Hyderabad,4.0
2,BTech,Data Analyst,Bangalore,5.5
3,BTech,Data Analyst,Chennai,6.0
4,BTech,Data Analyst,Pune,7.0
5,BTech,Data Analyst,Bangalore,8.5
1,BTech,ML Engineer,Hyderabad,5.0
2,BTech,ML Engineer,Bangalore,6.5
3,BTech,ML Engineer,Pune,8.0
4,BTech,ML Engineer,Hyderabad,9.5
5,BTech,ML Engineer,Bangalore,11.0
6,BTech,ML Engineer,Chennai,12.5
1,MTech,ML Engineer,Hyderabad,6.0
2,MTech,ML Engineer,Bangalore,7.5
3,MTech,ML Engineer,Pune,9.0
4,MTech,ML Engineer,Bangalore,11.0
5,MTech,ML Engineer,Hyderabad,13.0
6,MTech,ML Engineer,Bangalore,15.0
0,BTech,Software Developer,Hyderabad,3.5
1,BTech,Software Developer,Chennai,4.5
2,BTech,Software Developer,Bangalore,6.0
3,BTech,Software Developer,Pune,7.0
4,BTech,Software Developer,Bangalore,8.5
5,BTech,Software Developer,Hyderabad,10.0
6,BTech,Software Developer,Bangalore,12.0
1,BTech,Data Scientist,Hyderabad,5.5
2,BTech,Data Scientist,Bangalore,7.0
3,BTech,Data Scientist,Pune,9.0
4,BTech,Data Scientist,Bangalore,11.0
5,BTech,Data Scientist,Hyderabad,13.0
6,BTech,Data Scientist,Bangalore,15.5
1,MTech,Data Scientist,Hyderabad,6.5
2,MTech,Data Scientist,Bangalore,8.0
3,MTech,Data Scientist,Pune,10.0
4,MTech,Data Scientist,Bangalore,12.0
5,MTech,Data Scientist,Hyderabad,14.0
6,MTech,Data Scientist,Bangalore,17.0
0,BTech,Web Developer,Hyderabad,3.0
1,BTech,Web Developer,Chennai,4.0
2,BTech,Web Developer,Bangalore,5.5
3,BTech,Web Developer,Pune,6.5
4,BTech,Web Developer,Bangalore,7.5
5,BTech,Web Developer,Hyderabad,9.0
1,BTech,Business Analyst,Hyderabad,4.5
2,BTech,Business Analyst,Bangalore,6.0
3,BTech,Business Analyst,Pune,7.5
4,BTech,Business Analyst,Bangalore,9.0
5,BTech,Business Analyst,Hyderabad,10.5
6,BTech,Business Analyst,Bangalore,12.0